step_file,query,response_time,rejected,terminated,truncated,error
Wendigo-DVGA-Random-Greedy-Large-Step-1.p,,,,,,'tuple' object has no attribute 'get'
Wendigo-DVGA-Random-Greedy-Large-Step-10.p,,,,,,'tuple' object has no attribute 'get'
Wendigo-DVGA-Random-Greedy-Large-Step-100.p,,,,,,'tuple' object has no attribute 'get'
Wendigo-DVGA-Random-Greedy-Large-Step-101.p,,,,,,'tuple' object has no attribute 'get'
Wendigo-DVGA-Random-Greedy-Large-Step-102.p,,,,,,'tuple' object has no attribute 'get'
Wendigo-DVGA-Random-Greedy-Large-Step-103.p,,,,,,'tuple' object has no attribute 'get'
Wendigo-DVGA-Random-Greedy-Large-Step-104.p,,,,,,'tuple' object has no attribute 'get'
Wendigo-DVGA-Random-Greedy-Large-Step-105.p,,,,,,'tuple' object has no attribute 'get'
Wendigo-DVGA-Random-Greedy-Large-Step-106.p,,,,,,'tuple' object has no attribute 'get'
Wendigo-DVGA-Random-Greedy-Large-Step-107.p,,,,,,'tuple' object has no attribute 'get'
Wendigo-DVGA-Random-Greedy-Large-Step-108.p,,,,,,'tuple' object has no attribute 'get'
Wendigo-DVGA-Random-Greedy-Large-Step-109.p,,,,,,'tuple' object has no attribute 'get'
Wendigo-DVGA-Random-Greedy-Large-Step-11.p,,,,,,'tuple' object has no attribute 'get'
Wendigo-DVGA-Random-Greedy-Large-Step-110.p,,,,,,'tuple' object has no attribute 'get'
Wendigo-DVGA-Random-Greedy-Large-Step-111.p,,,,,,'tuple' object has no attribute 'get'
Wendigo-DVGA-Random-Greedy-Large-Step-112.p,,,,,,'tuple' object has no attribute 'get'
Wendigo-DVGA-Random-Greedy-Large-Step-113.p,,,,,,'tuple' object has no attribute 'get'
Wendigo-DVGA-Random-Greedy-Large-Step-114.p,,,,,,'tuple' object has no attribute 'get'
Wendigo-DVGA-Random-Greedy-Large-Step-115.p,,,,,,'tuple' object has no attribute 'get'
Wendigo-DVGA-Random-Greedy-Large-Step-116.p,,,,,,'tuple' object has no attribute 'get'
Wendigo-DVGA-Random-Greedy-Large-Step-117.p,,,,,,'tuple' object has no attribute 'get'
Wendigo-DVGA-Random-Greedy-Large-Step-118.p,,,,,,'tuple' object has no attribute 'get'
Wendigo-DVGA-Random-Greedy-Large-Step-119.p,,,,,,'tuple' object has no attribute 'get'
Wendigo-DVGA-Random-Greedy-Large-Step-12.p,,,,,,'tuple' object has no attribute 'get'
Wendigo-DVGA-Random-Greedy-Large-Step-120.p,,,,,,'tuple' object has no attribute 'get'
Wendigo-DVGA-Random-Greedy-Large-Step-121.p,,,,,,'tuple' object has no attribute 'get'
Wendigo-DVGA-Random-Greedy-Large-Step-122.p,,,,,,'tuple' object has no attribute 'get'
Wendigo-DVGA-Random-Greedy-Large-Step-123.p,,,,,,'tuple' object has no attribute 'get'
Wendigo-DVGA-Random-Greedy-Large-Step-124.p,,,,,,'tuple' object has no attribute 'get'
Wendigo-DVGA-Random-Greedy-Large-Step-125.p,,,,,,'tuple' object has no attribute 'get'
Wendigo-DVGA-Random-Greedy-Large-Step-126.p,,,,,,'tuple' object has no attribute 'get'
Wendigo-DVGA-Random-Greedy-Large-Step-127.p,,,,,,'tuple' object has no attribute 'get'
Wendigo-DVGA-Random-Greedy-Large-Step-128.p,,,,,,'tuple' object has no attribute 'get'
Wendigo-DVGA-Random-Greedy-Large-Step-129.p,,,,,,'tuple' object has no attribute 'get'
Wendigo-DVGA-Random-Greedy-Large-Step-13.p,,,,,,'tuple' object has no attribute 'get'
Wendigo-DVGA-Random-Greedy-Large-Step-130.p,,,,,,'tuple' object has no attribute 'get'
Wendigo-DVGA-Random-Greedy-Large-Step-131.p,,,,,,'tuple' object has no attribute 'get'
Wendigo-DVGA-Random-Greedy-Large-Step-132.p,,,,,,'tuple' object has no attribute 'get'
Wendigo-DVGA-Random-Greedy-Large-Step-133.p,,,,,,'tuple' object has no attribute 'get'
Wendigo-DVGA-Random-Greedy-Large-Step-134.p,,,,,,'tuple' object has no attribute 'get'
Wendigo-DVGA-Random-Greedy-Large-Step-135.p,,,,,,'tuple' object has no attribute 'get'
Wendigo-DVGA-Random-Greedy-Large-Step-136.p,,,,,,'tuple' object has no attribute 'get'
Wendigo-DVGA-Random-Greedy-Large-Step-137.p,,,,,,'tuple' object has no attribute 'get'
Wendigo-DVGA-Random-Greedy-Large-Step-138.p,,,,,,'tuple' object has no attribute 'get'
Wendigo-DVGA-Random-Greedy-Large-Step-139.p,,,,,,'tuple' object has no attribute 'get'
Wendigo-DVGA-Random-Greedy-Large-Step-14.p,,,,,,'tuple' object has no attribute 'get'
Wendigo-DVGA-Random-Greedy-Large-Step-140.p,,,,,,'tuple' object has no attribute 'get'
Wendigo-DVGA-Random-Greedy-Large-Step-141.p,,,,,,'tuple' object has no attribute 'get'
Wendigo-DVGA-Random-Greedy-Large-Step-142.p,,,,,,'tuple' object has no attribute 'get'
Wendigo-DVGA-Random-Greedy-Large-Step-143.p,,,,,,'tuple' object has no attribute 'get'
Wendigo-DVGA-Random-Greedy-Large-Step-144.p,,,,,,'tuple' object has no attribute 'get'
Wendigo-DVGA-Random-Greedy-Large-Step-145.p,,,,,,'tuple' object has no attribute 'get'
Wendigo-DVGA-Random-Greedy-Large-Step-146.p,,,,,,'tuple' object has no attribute 'get'
Wendigo-DVGA-Random-Greedy-Large-Step-147.p,,,,,,'tuple' object has no attribute 'get'
Wendigo-DVGA-Random-Greedy-Large-Step-148.p,,,,,,'tuple' object has no attribute 'get'
Wendigo-DVGA-Random-Greedy-Large-Step-149.p,,,,,,'tuple' object has no attribute 'get'
Wendigo-DVGA-Random-Greedy-Large-Step-15.p,,,,,,'tuple' object has no attribute 'get'
Wendigo-DVGA-Random-Greedy-Large-Step-150.p,,,,,,'tuple' object has no attribute 'get'
Wendigo-DVGA-Random-Greedy-Large-Step-151.p,,,,,,'tuple' object has no attribute 'get'
Wendigo-DVGA-Random-Greedy-Large-Step-152.p,,,,,,'tuple' object has no attribute 'get'
Wendigo-DVGA-Random-Greedy-Large-Step-153.p,,,,,,'tuple' object has no attribute 'get'
Wendigo-DVGA-Random-Greedy-Large-Step-154.p,,,,,,'tuple' object has no attribute 'get'
Wendigo-DVGA-Random-Greedy-Large-Step-155.p,,,,,,'tuple' object has no attribute 'get'
Wendigo-DVGA-Random-Greedy-Large-Step-156.p,,,,,,'tuple' object has no attribute 'get'
Wendigo-DVGA-Random-Greedy-Large-Step-157.p,,,,,,'tuple' object has no attribute 'get'
Wendigo-DVGA-Random-Greedy-Large-Step-158.p,,,,,,'tuple' object has no attribute 'get'
Wendigo-DVGA-Random-Greedy-Large-Step-159.p,,,,,,'tuple' object has no attribute 'get'
Wendigo-DVGA-Random-Greedy-Large-Step-16.p,,,,,,'tuple' object has no attribute 'get'
Wendigo-DVGA-Random-Greedy-Large-Step-160.p,,,,,,'tuple' object has no attribute 'get'
Wendigo-DVGA-Random-Greedy-Large-Step-161.p,,,,,,'tuple' object has no attribute 'get'
Wendigo-DVGA-Random-Greedy-Large-Step-162.p,,,,,,'tuple' object has no attribute 'get'
Wendigo-DVGA-Random-Greedy-Large-Step-163.p,,,,,,'tuple' object has no attribute 'get'
Wendigo-DVGA-Random-Greedy-Large-Step-164.p,,,,,,'tuple' object has no attribute 'get'
Wendigo-DVGA-Random-Greedy-Large-Step-165.p,,,,,,'tuple' object has no attribute 'get'
Wendigo-DVGA-Random-Greedy-Large-Step-166.p,,,,,,'tuple' object has no attribute 'get'
Wendigo-DVGA-Random-Greedy-Large-Step-167.p,,,,,,'tuple' object has no attribute 'get'
Wendigo-DVGA-Random-Greedy-Large-Step-168.p,,,,,,'tuple' object has no attribute 'get'
Wendigo-DVGA-Random-Greedy-Large-Step-169.p,,,,,,'tuple' object has no attribute 'get'
Wendigo-DVGA-Random-Greedy-Large-Step-17.p,,,,,,'tuple' object has no attribute 'get'
Wendigo-DVGA-Random-Greedy-Large-Step-170.p,,,,,,'tuple' object has no attribute 'get'
Wendigo-DVGA-Random-Greedy-Large-Step-171.p,,,,,,'tuple' object has no attribute 'get'
Wendigo-DVGA-Random-Greedy-Large-Step-172.p,,,,,,'tuple' object has no attribute 'get'
Wendigo-DVGA-Random-Greedy-Large-Step-173.p,,,,,,'tuple' object has no attribute 'get'
Wendigo-DVGA-Random-Greedy-Large-Step-174.p,,,,,,'tuple' object has no attribute 'get'
Wendigo-DVGA-Random-Greedy-Large-Step-175.p,,,,,,'tuple' object has no attribute 'get'
Wendigo-DVGA-Random-Greedy-Large-Step-176.p,,,,,,'tuple' object has no attribute 'get'
Wendigo-DVGA-Random-Greedy-Large-Step-177.p,,,,,,'tuple' object has no attribute 'get'
Wendigo-DVGA-Random-Greedy-Large-Step-178.p,,,,,,'tuple' object has no attribute 'get'
Wendigo-DVGA-Random-Greedy-Large-Step-179.p,,,,,,'tuple' object has no attribute 'get'
Wendigo-DVGA-Random-Greedy-Large-Step-18.p,,,,,,'tuple' object has no attribute 'get'
Wendigo-DVGA-Random-Greedy-Large-Step-180.p,,,,,,'tuple' object has no attribute 'get'
Wendigo-DVGA-Random-Greedy-Large-Step-181.p,,,,,,'tuple' object has no attribute 'get'
Wendigo-DVGA-Random-Greedy-Large-Step-182.p,,,,,,'tuple' object has no attribute 'get'
Wendigo-DVGA-Random-Greedy-Large-Step-183.p,,,,,,'tuple' object has no attribute 'get'
Wendigo-DVGA-Random-Greedy-Large-Step-184.p,,,,,,'tuple' object has no attribute 'get'
Wendigo-DVGA-Random-Greedy-Large-Step-185.p,,,,,,'tuple' object has no attribute 'get'
Wendigo-DVGA-Random-Greedy-Large-Step-186.p,,,,,,'tuple' object has no attribute 'get'
Wendigo-DVGA-Random-Greedy-Large-Step-187.p,,,,,,'tuple' object has no attribute 'get'
Wendigo-DVGA-Random-Greedy-Large-Step-188.p,,,,,,'tuple' object has no attribute 'get'
Wendigo-DVGA-Random-Greedy-Large-Step-189.p,,,,,,'tuple' object has no attribute 'get'
Wendigo-DVGA-Random-Greedy-Large-Step-19.p,,,,,,'tuple' object has no attribute 'get'
Wendigo-DVGA-Random-Greedy-Large-Step-190.p,,,,,,'tuple' object has no attribute 'get'
Wendigo-DVGA-Random-Greedy-Large-Step-191.p,,,,,,'tuple' object has no attribute 'get'
Wendigo-DVGA-Random-Greedy-Large-Step-192.p,,,,,,'tuple' object has no attribute 'get'
Wendigo-DVGA-Random-Greedy-Large-Step-193.p,,,,,,'tuple' object has no attribute 'get'
Wendigo-DVGA-Random-Greedy-Large-Step-194.p,,,,,,'tuple' object has no attribute 'get'
Wendigo-DVGA-Random-Greedy-Large-Step-195.p,,,,,,'tuple' object has no attribute 'get'
Wendigo-DVGA-Random-Greedy-Large-Step-196.p,,,,,,'tuple' object has no attribute 'get'
Wendigo-DVGA-Random-Greedy-Large-Step-197.p,,,,,,'tuple' object has no attribute 'get'
Wendigo-DVGA-Random-Greedy-Large-Step-198.p,,,,,,'tuple' object has no attribute 'get'
Wendigo-DVGA-Random-Greedy-Large-Step-199.p,,,,,,'tuple' object has no attribute 'get'
Wendigo-DVGA-Random-Greedy-Large-Step-2.p,,,,,,'tuple' object has no attribute 'get'
Wendigo-DVGA-Random-Greedy-Large-Step-20.p,,,,,,'tuple' object has no attribute 'get'
Wendigo-DVGA-Random-Greedy-Large-Step-200.p,,,,,,'tuple' object has no attribute 'get'
Wendigo-DVGA-Random-Greedy-Large-Step-201.p,,,,,,'tuple' object has no attribute 'get'
Wendigo-DVGA-Random-Greedy-Large-Step-202.p,,,,,,'tuple' object has no attribute 'get'
Wendigo-DVGA-Random-Greedy-Large-Step-203.p,,,,,,'tuple' object has no attribute 'get'
Wendigo-DVGA-Random-Greedy-Large-Step-204.p,,,,,,'tuple' object has no attribute 'get'
Wendigo-DVGA-Random-Greedy-Large-Step-205.p,,,,,,'tuple' object has no attribute 'get'
Wendigo-DVGA-Random-Greedy-Large-Step-206.p,,,,,,'tuple' object has no attribute 'get'
Wendigo-DVGA-Random-Greedy-Large-Step-207.p,,,,,,'tuple' object has no attribute 'get'
Wendigo-DVGA-Random-Greedy-Large-Step-208.p,,,,,,'tuple' object has no attribute 'get'
Wendigo-DVGA-Random-Greedy-Large-Step-209.p,,,,,,'tuple' object has no attribute 'get'
Wendigo-DVGA-Random-Greedy-Large-Step-21.p,,,,,,'tuple' object has no attribute 'get'
Wendigo-DVGA-Random-Greedy-Large-Step-210.p,,,,,,'tuple' object has no attribute 'get'
Wendigo-DVGA-Random-Greedy-Large-Step-211.p,,,,,,'tuple' object has no attribute 'get'
Wendigo-DVGA-Random-Greedy-Large-Step-212.p,,,,,,'tuple' object has no attribute 'get'
Wendigo-DVGA-Random-Greedy-Large-Step-213.p,,,,,,'tuple' object has no attribute 'get'
Wendigo-DVGA-Random-Greedy-Large-Step-214.p,,,,,,'tuple' object has no attribute 'get'
Wendigo-DVGA-Random-Greedy-Large-Step-215.p,,,,,,'tuple' object has no attribute 'get'
Wendigo-DVGA-Random-Greedy-Large-Step-216.p,,,,,,'tuple' object has no attribute 'get'
Wendigo-DVGA-Random-Greedy-Large-Step-217.p,,,,,,'tuple' object has no attribute 'get'
Wendigo-DVGA-Random-Greedy-Large-Step-218.p,,,,,,'tuple' object has no attribute 'get'
Wendigo-DVGA-Random-Greedy-Large-Step-219.p,,,,,,'tuple' object has no attribute 'get'
Wendigo-DVGA-Random-Greedy-Large-Step-22.p,,,,,,'tuple' object has no attribute 'get'
Wendigo-DVGA-Random-Greedy-Large-Step-220.p,,,,,,'tuple' object has no attribute 'get'
Wendigo-DVGA-Random-Greedy-Large-Step-221.p,,,,,,'tuple' object has no attribute 'get'
Wendigo-DVGA-Random-Greedy-Large-Step-222.p,,,,,,'tuple' object has no attribute 'get'
Wendigo-DVGA-Random-Greedy-Large-Step-223.p,,,,,,'tuple' object has no attribute 'get'
Wendigo-DVGA-Random-Greedy-Large-Step-224.p,,,,,,'tuple' object has no attribute 'get'
Wendigo-DVGA-Random-Greedy-Large-Step-225.p,,,,,,'tuple' object has no attribute 'get'
Wendigo-DVGA-Random-Greedy-Large-Step-226.p,,,,,,'tuple' object has no attribute 'get'
Wendigo-DVGA-Random-Greedy-Large-Step-227.p,,,,,,'tuple' object has no attribute 'get'
Wendigo-DVGA-Random-Greedy-Large-Step-228.p,,,,,,'tuple' object has no attribute 'get'
Wendigo-DVGA-Random-Greedy-Large-Step-229.p,,,,,,'tuple' object has no attribute 'get'
Wendigo-DVGA-Random-Greedy-Large-Step-23.p,,,,,,'tuple' object has no attribute 'get'
Wendigo-DVGA-Random-Greedy-Large-Step-230.p,,,,,,'tuple' object has no attribute 'get'
Wendigo-DVGA-Random-Greedy-Large-Step-231.p,,,,,,'tuple' object has no attribute 'get'
Wendigo-DVGA-Random-Greedy-Large-Step-232.p,,,,,,'tuple' object has no attribute 'get'
Wendigo-DVGA-Random-Greedy-Large-Step-233.p,,,,,,'tuple' object has no attribute 'get'
Wendigo-DVGA-Random-Greedy-Large-Step-234.p,,,,,,'tuple' object has no attribute 'get'
Wendigo-DVGA-Random-Greedy-Large-Step-235.p,,,,,,'tuple' object has no attribute 'get'
Wendigo-DVGA-Random-Greedy-Large-Step-236.p,,,,,,'tuple' object has no attribute 'get'
Wendigo-DVGA-Random-Greedy-Large-Step-237.p,,,,,,'tuple' object has no attribute 'get'
Wendigo-DVGA-Random-Greedy-Large-Step-238.p,,,,,,'tuple' object has no attribute 'get'
Wendigo-DVGA-Random-Greedy-Large-Step-239.p,,,,,,'tuple' object has no attribute 'get'
Wendigo-DVGA-Random-Greedy-Large-Step-24.p,,,,,,'tuple' object has no attribute 'get'
Wendigo-DVGA-Random-Greedy-Large-Step-240.p,,,,,,'tuple' object has no attribute 'get'
Wendigo-DVGA-Random-Greedy-Large-Step-241.p,,,,,,'tuple' object has no attribute 'get'
Wendigo-DVGA-Random-Greedy-Large-Step-242.p,,,,,,'tuple' object has no attribute 'get'
Wendigo-DVGA-Random-Greedy-Large-Step-243.p,,,,,,'tuple' object has no attribute 'get'
Wendigo-DVGA-Random-Greedy-Large-Step-244.p,,,,,,'tuple' object has no attribute 'get'
Wendigo-DVGA-Random-Greedy-Large-Step-245.p,,,,,,'tuple' object has no attribute 'get'
Wendigo-DVGA-Random-Greedy-Large-Step-246.p,,,,,,'tuple' object has no attribute 'get'
Wendigo-DVGA-Random-Greedy-Large-Step-247.p,,,,,,'tuple' object has no attribute 'get'
Wendigo-DVGA-Random-Greedy-Large-Step-248.p,,,,,,'tuple' object has no attribute 'get'
Wendigo-DVGA-Random-Greedy-Large-Step-249.p,,,,,,'tuple' object has no attribute 'get'
Wendigo-DVGA-Random-Greedy-Large-Step-25.p,,,,,,'tuple' object has no attribute 'get'
Wendigo-DVGA-Random-Greedy-Large-Step-250.p,,,,,,'tuple' object has no attribute 'get'
Wendigo-DVGA-Random-Greedy-Large-Step-251.p,,,,,,'tuple' object has no attribute 'get'
Wendigo-DVGA-Random-Greedy-Large-Step-252.p,,,,,,'tuple' object has no attribute 'get'
Wendigo-DVGA-Random-Greedy-Large-Step-253.p,,,,,,'tuple' object has no attribute 'get'
Wendigo-DVGA-Random-Greedy-Large-Step-254.p,,,,,,'tuple' object has no attribute 'get'
Wendigo-DVGA-Random-Greedy-Large-Step-255.p,,,,,,'tuple' object has no attribute 'get'
Wendigo-DVGA-Random-Greedy-Large-Step-256.p,,,,,,'tuple' object has no attribute 'get'
Wendigo-DVGA-Random-Greedy-Large-Step-257.p,,,,,,'tuple' object has no attribute 'get'
Wendigo-DVGA-Random-Greedy-Large-Step-258.p,,,,,,'tuple' object has no attribute 'get'
Wendigo-DVGA-Random-Greedy-Large-Step-259.p,,,,,,'tuple' object has no attribute 'get'
Wendigo-DVGA-Random-Greedy-Large-Step-26.p,,,,,,'tuple' object has no attribute 'get'
Wendigo-DVGA-Random-Greedy-Large-Step-260.p,,,,,,'tuple' object has no attribute 'get'
Wendigo-DVGA-Random-Greedy-Large-Step-261.p,,,,,,'tuple' object has no attribute 'get'
Wendigo-DVGA-Random-Greedy-Large-Step-262.p,,,,,,'tuple' object has no attribute 'get'
Wendigo-DVGA-Random-Greedy-Large-Step-263.p,,,,,,'tuple' object has no attribute 'get'
Wendigo-DVGA-Random-Greedy-Large-Step-264.p,,,,,,'tuple' object has no attribute 'get'
Wendigo-DVGA-Random-Greedy-Large-Step-265.p,,,,,,'tuple' object has no attribute 'get'
Wendigo-DVGA-Random-Greedy-Large-Step-266.p,,,,,,'tuple' object has no attribute 'get'
Wendigo-DVGA-Random-Greedy-Large-Step-267.p,,,,,,'tuple' object has no attribute 'get'
Wendigo-DVGA-Random-Greedy-Large-Step-268.p,,,,,,'tuple' object has no attribute 'get'
Wendigo-DVGA-Random-Greedy-Large-Step-269.p,,,,,,'tuple' object has no attribute 'get'
Wendigo-DVGA-Random-Greedy-Large-Step-27.p,,,,,,'tuple' object has no attribute 'get'
Wendigo-DVGA-Random-Greedy-Large-Step-270.p,,,,,,'tuple' object has no attribute 'get'
Wendigo-DVGA-Random-Greedy-Large-Step-271.p,,,,,,'tuple' object has no attribute 'get'
Wendigo-DVGA-Random-Greedy-Large-Step-272.p,,,,,,'tuple' object has no attribute 'get'
Wendigo-DVGA-Random-Greedy-Large-Step-273.p,,,,,,'tuple' object has no attribute 'get'
Wendigo-DVGA-Random-Greedy-Large-Step-274.p,,,,,,'tuple' object has no attribute 'get'
Wendigo-DVGA-Random-Greedy-Large-Step-275.p,,,,,,'tuple' object has no attribute 'get'
Wendigo-DVGA-Random-Greedy-Large-Step-276.p,,,,,,'tuple' object has no attribute 'get'
Wendigo-DVGA-Random-Greedy-Large-Step-277.p,,,,,,'tuple' object has no attribute 'get'
Wendigo-DVGA-Random-Greedy-Large-Step-278.p,,,,,,'tuple' object has no attribute 'get'
Wendigo-DVGA-Random-Greedy-Large-Step-279.p,,,,,,'tuple' object has no attribute 'get'
Wendigo-DVGA-Random-Greedy-Large-Step-28.p,,,,,,'tuple' object has no attribute 'get'
Wendigo-DVGA-Random-Greedy-Large-Step-280.p,,,,,,'tuple' object has no attribute 'get'
Wendigo-DVGA-Random-Greedy-Large-Step-281.p,,,,,,'tuple' object has no attribute 'get'
Wendigo-DVGA-Random-Greedy-Large-Step-282.p,,,,,,'tuple' object has no attribute 'get'
Wendigo-DVGA-Random-Greedy-Large-Step-283.p,,,,,,'tuple' object has no attribute 'get'
Wendigo-DVGA-Random-Greedy-Large-Step-284.p,,,,,,'tuple' object has no attribute 'get'
Wendigo-DVGA-Random-Greedy-Large-Step-285.p,,,,,,'tuple' object has no attribute 'get'
Wendigo-DVGA-Random-Greedy-Large-Step-286.p,,,,,,'tuple' object has no attribute 'get'
Wendigo-DVGA-Random-Greedy-Large-Step-287.p,,,,,,'tuple' object has no attribute 'get'
Wendigo-DVGA-Random-Greedy-Large-Step-288.p,,,,,,'tuple' object has no attribute 'get'
Wendigo-DVGA-Random-Greedy-Large-Step-289.p,,,,,,'tuple' object has no attribute 'get'
Wendigo-DVGA-Random-Greedy-Large-Step-29.p,,,,,,'tuple' object has no attribute 'get'
Wendigo-DVGA-Random-Greedy-Large-Step-290.p,,,,,,'tuple' object has no attribute 'get'
Wendigo-DVGA-Random-Greedy-Large-Step-291.p,,,,,,'tuple' object has no attribute 'get'
Wendigo-DVGA-Random-Greedy-Large-Step-292.p,,,,,,'tuple' object has no attribute 'get'
Wendigo-DVGA-Random-Greedy-Large-Step-293.p,,,,,,'tuple' object has no attribute 'get'
Wendigo-DVGA-Random-Greedy-Large-Step-294.p,,,,,,'tuple' object has no attribute 'get'
Wendigo-DVGA-Random-Greedy-Large-Step-295.p,,,,,,'tuple' object has no attribute 'get'
Wendigo-DVGA-Random-Greedy-Large-Step-296.p,,,,,,'tuple' object has no attribute 'get'
Wendigo-DVGA-Random-Greedy-Large-Step-297.p,,,,,,'tuple' object has no attribute 'get'
Wendigo-DVGA-Random-Greedy-Large-Step-298.p,,,,,,'tuple' object has no attribute 'get'
Wendigo-DVGA-Random-Greedy-Large-Step-299.p,,,,,,'tuple' object has no attribute 'get'
Wendigo-DVGA-Random-Greedy-Large-Step-3.p,,,,,,'tuple' object has no attribute 'get'
Wendigo-DVGA-Random-Greedy-Large-Step-30.p,,,,,,'tuple' object has no attribute 'get'
Wendigo-DVGA-Random-Greedy-Large-Step-300.p,,,,,,'tuple' object has no attribute 'get'
Wendigo-DVGA-Random-Greedy-Large-Step-301.p,,,,,,'tuple' object has no attribute 'get'
Wendigo-DVGA-Random-Greedy-Large-Step-302.p,,,,,,'tuple' object has no attribute 'get'
Wendigo-DVGA-Random-Greedy-Large-Step-303.p,,,,,,'tuple' object has no attribute 'get'
Wendigo-DVGA-Random-Greedy-Large-Step-304.p,,,,,,'tuple' object has no attribute 'get'
Wendigo-DVGA-Random-Greedy-Large-Step-305.p,,,,,,'tuple' object has no attribute 'get'
Wendigo-DVGA-Random-Greedy-Large-Step-306.p,,,,,,'tuple' object has no attribute 'get'
Wendigo-DVGA-Random-Greedy-Large-Step-307.p,,,,,,'tuple' object has no attribute 'get'
Wendigo-DVGA-Random-Greedy-Large-Step-308.p,,,,,,'tuple' object has no attribute 'get'
Wendigo-DVGA-Random-Greedy-Large-Step-309.p,,,,,,'tuple' object has no attribute 'get'
Wendigo-DVGA-Random-Greedy-Large-Step-31.p,,,,,,'tuple' object has no attribute 'get'
Wendigo-DVGA-Random-Greedy-Large-Step-310.p,,,,,,'tuple' object has no attribute 'get'
Wendigo-DVGA-Random-Greedy-Large-Step-311.p,,,,,,'tuple' object has no attribute 'get'
Wendigo-DVGA-Random-Greedy-Large-Step-312.p,,,,,,'tuple' object has no attribute 'get'
Wendigo-DVGA-Random-Greedy-Large-Step-313.p,,,,,,'tuple' object has no attribute 'get'
Wendigo-DVGA-Random-Greedy-Large-Step-314.p,,,,,,'tuple' object has no attribute 'get'
Wendigo-DVGA-Random-Greedy-Large-Step-315.p,,,,,,'tuple' object has no attribute 'get'
Wendigo-DVGA-Random-Greedy-Large-Step-316.p,,,,,,'tuple' object has no attribute 'get'
Wendigo-DVGA-Random-Greedy-Large-Step-317.p,,,,,,'tuple' object has no attribute 'get'
Wendigo-DVGA-Random-Greedy-Large-Step-318.p,,,,,,'tuple' object has no attribute 'get'
Wendigo-DVGA-Random-Greedy-Large-Step-319.p,,,,,,'tuple' object has no attribute 'get'
Wendigo-DVGA-Random-Greedy-Large-Step-32.p,,,,,,'tuple' object has no attribute 'get'
Wendigo-DVGA-Random-Greedy-Large-Step-320.p,,,,,,'tuple' object has no attribute 'get'
Wendigo-DVGA-Random-Greedy-Large-Step-321.p,,,,,,'tuple' object has no attribute 'get'
Wendigo-DVGA-Random-Greedy-Large-Step-322.p,,,,,,'tuple' object has no attribute 'get'
Wendigo-DVGA-Random-Greedy-Large-Step-323.p,,,,,,'tuple' object has no attribute 'get'
Wendigo-DVGA-Random-Greedy-Large-Step-324.p,,,,,,'tuple' object has no attribute 'get'
Wendigo-DVGA-Random-Greedy-Large-Step-325.p,,,,,,'tuple' object has no attribute 'get'
Wendigo-DVGA-Random-Greedy-Large-Step-326.p,,,,,,'tuple' object has no attribute 'get'
Wendigo-DVGA-Random-Greedy-Large-Step-327.p,,,,,,'tuple' object has no attribute 'get'
Wendigo-DVGA-Random-Greedy-Large-Step-328.p,,,,,,'tuple' object has no attribute 'get'
Wendigo-DVGA-Random-Greedy-Large-Step-329.p,,,,,,'tuple' object has no attribute 'get'
Wendigo-DVGA-Random-Greedy-Large-Step-33.p,,,,,,'tuple' object has no attribute 'get'
Wendigo-DVGA-Random-Greedy-Large-Step-330.p,,,,,,'tuple' object has no attribute 'get'
Wendigo-DVGA-Random-Greedy-Large-Step-331.p,,,,,,'tuple' object has no attribute 'get'
Wendigo-DVGA-Random-Greedy-Large-Step-332.p,,,,,,'tuple' object has no attribute 'get'
Wendigo-DVGA-Random-Greedy-Large-Step-333.p,,,,,,'tuple' object has no attribute 'get'
Wendigo-DVGA-Random-Greedy-Large-Step-334.p,,,,,,'tuple' object has no attribute 'get'
Wendigo-DVGA-Random-Greedy-Large-Step-335.p,,,,,,'tuple' object has no attribute 'get'
Wendigo-DVGA-Random-Greedy-Large-Step-336.p,,,,,,'tuple' object has no attribute 'get'
Wendigo-DVGA-Random-Greedy-Large-Step-337.p,,,,,,'tuple' object has no attribute 'get'
Wendigo-DVGA-Random-Greedy-Large-Step-338.p,,,,,,'tuple' object has no attribute 'get'
Wendigo-DVGA-Random-Greedy-Large-Step-339.p,,,,,,'tuple' object has no attribute 'get'
Wendigo-DVGA-Random-Greedy-Large-Step-34.p,,,,,,'tuple' object has no attribute 'get'
Wendigo-DVGA-Random-Greedy-Large-Step-340.p,,,,,,'tuple' object has no attribute 'get'
Wendigo-DVGA-Random-Greedy-Large-Step-341.p,,,,,,'tuple' object has no attribute 'get'
Wendigo-DVGA-Random-Greedy-Large-Step-342.p,,,,,,'tuple' object has no attribute 'get'
Wendigo-DVGA-Random-Greedy-Large-Step-343.p,,,,,,'tuple' object has no attribute 'get'
Wendigo-DVGA-Random-Greedy-Large-Step-344.p,,,,,,'tuple' object has no attribute 'get'
Wendigo-DVGA-Random-Greedy-Large-Step-345.p,,,,,,'tuple' object has no attribute 'get'
Wendigo-DVGA-Random-Greedy-Large-Step-346.p,,,,,,'tuple' object has no attribute 'get'
Wendigo-DVGA-Random-Greedy-Large-Step-347.p,,,,,,'tuple' object has no attribute 'get'
Wendigo-DVGA-Random-Greedy-Large-Step-348.p,,,,,,'tuple' object has no attribute 'get'
Wendigo-DVGA-Random-Greedy-Large-Step-349.p,,,,,,'tuple' object has no attribute 'get'
Wendigo-DVGA-Random-Greedy-Large-Step-35.p,,,,,,'tuple' object has no attribute 'get'
Wendigo-DVGA-Random-Greedy-Large-Step-350.p,,,,,,'tuple' object has no attribute 'get'
Wendigo-DVGA-Random-Greedy-Large-Step-351.p,,,,,,'tuple' object has no attribute 'get'
Wendigo-DVGA-Random-Greedy-Large-Step-352.p,,,,,,'tuple' object has no attribute 'get'
Wendigo-DVGA-Random-Greedy-Large-Step-353.p,,,,,,'tuple' object has no attribute 'get'
Wendigo-DVGA-Random-Greedy-Large-Step-354.p,,,,,,'tuple' object has no attribute 'get'
Wendigo-DVGA-Random-Greedy-Large-Step-355.p,,,,,,'tuple' object has no attribute 'get'
Wendigo-DVGA-Random-Greedy-Large-Step-356.p,,,,,,'tuple' object has no attribute 'get'
Wendigo-DVGA-Random-Greedy-Large-Step-357.p,,,,,,'tuple' object has no attribute 'get'
Wendigo-DVGA-Random-Greedy-Large-Step-358.p,,,,,,'tuple' object has no attribute 'get'
Wendigo-DVGA-Random-Greedy-Large-Step-359.p,,,,,,'tuple' object has no attribute 'get'
Wendigo-DVGA-Random-Greedy-Large-Step-36.p,,,,,,'tuple' object has no attribute 'get'
Wendigo-DVGA-Random-Greedy-Large-Step-360.p,,,,,,'tuple' object has no attribute 'get'
Wendigo-DVGA-Random-Greedy-Large-Step-361.p,,,,,,'tuple' object has no attribute 'get'
Wendigo-DVGA-Random-Greedy-Large-Step-362.p,,,,,,'tuple' object has no attribute 'get'
Wendigo-DVGA-Random-Greedy-Large-Step-363.p,,,,,,'tuple' object has no attribute 'get'
Wendigo-DVGA-Random-Greedy-Large-Step-364.p,,,,,,'tuple' object has no attribute 'get'
Wendigo-DVGA-Random-Greedy-Large-Step-365.p,,,,,,'tuple' object has no attribute 'get'
Wendigo-DVGA-Random-Greedy-Large-Step-366.p,,,,,,'tuple' object has no attribute 'get'
Wendigo-DVGA-Random-Greedy-Large-Step-367.p,,,,,,'tuple' object has no attribute 'get'
Wendigo-DVGA-Random-Greedy-Large-Step-368.p,,,,,,'tuple' object has no attribute 'get'
Wendigo-DVGA-Random-Greedy-Large-Step-369.p,,,,,,'tuple' object has no attribute 'get'
Wendigo-DVGA-Random-Greedy-Large-Step-37.p,,,,,,'tuple' object has no attribute 'get'
Wendigo-DVGA-Random-Greedy-Large-Step-370.p,,,,,,'tuple' object has no attribute 'get'
Wendigo-DVGA-Random-Greedy-Large-Step-371.p,,,,,,'tuple' object has no attribute 'get'
Wendigo-DVGA-Random-Greedy-Large-Step-372.p,,,,,,'tuple' object has no attribute 'get'
Wendigo-DVGA-Random-Greedy-Large-Step-373.p,,,,,,'tuple' object has no attribute 'get'
Wendigo-DVGA-Random-Greedy-Large-Step-374.p,,,,,,'tuple' object has no attribute 'get'
Wendigo-DVGA-Random-Greedy-Large-Step-375.p,,,,,,'tuple' object has no attribute 'get'
Wendigo-DVGA-Random-Greedy-Large-Step-376.p,,,,,,'tuple' object has no attribute 'get'
Wendigo-DVGA-Random-Greedy-Large-Step-377.p,,,,,,'tuple' object has no attribute 'get'
Wendigo-DVGA-Random-Greedy-Large-Step-378.p,,,,,,'tuple' object has no attribute 'get'
Wendigo-DVGA-Random-Greedy-Large-Step-379.p,,,,,,'tuple' object has no attribute 'get'
Wendigo-DVGA-Random-Greedy-Large-Step-38.p,,,,,,'tuple' object has no attribute 'get'
Wendigo-DVGA-Random-Greedy-Large-Step-380.p,,,,,,'tuple' object has no attribute 'get'
Wendigo-DVGA-Random-Greedy-Large-Step-381.p,,,,,,'tuple' object has no attribute 'get'
Wendigo-DVGA-Random-Greedy-Large-Step-382.p,,,,,,'tuple' object has no attribute 'get'
Wendigo-DVGA-Random-Greedy-Large-Step-383.p,,,,,,'tuple' object has no attribute 'get'
Wendigo-DVGA-Random-Greedy-Large-Step-384.p,,,,,,'tuple' object has no attribute 'get'
Wendigo-DVGA-Random-Greedy-Large-Step-39.p,,,,,,'tuple' object has no attribute 'get'
Wendigo-DVGA-Random-Greedy-Large-Step-4.p,,,,,,'tuple' object has no attribute 'get'
Wendigo-DVGA-Random-Greedy-Large-Step-40.p,,,,,,'tuple' object has no attribute 'get'
Wendigo-DVGA-Random-Greedy-Large-Step-41.p,,,,,,'tuple' object has no attribute 'get'
Wendigo-DVGA-Random-Greedy-Large-Step-42.p,,,,,,'tuple' object has no attribute 'get'
Wendigo-DVGA-Random-Greedy-Large-Step-43.p,,,,,,'tuple' object has no attribute 'get'
Wendigo-DVGA-Random-Greedy-Large-Step-44.p,,,,,,'tuple' object has no attribute 'get'
Wendigo-DVGA-Random-Greedy-Large-Step-45.p,,,,,,'tuple' object has no attribute 'get'
Wendigo-DVGA-Random-Greedy-Large-Step-46.p,,,,,,'tuple' object has no attribute 'get'
Wendigo-DVGA-Random-Greedy-Large-Step-47.p,,,,,,'tuple' object has no attribute 'get'
Wendigo-DVGA-Random-Greedy-Large-Step-48.p,,,,,,'tuple' object has no attribute 'get'
Wendigo-DVGA-Random-Greedy-Large-Step-49.p,,,,,,'tuple' object has no attribute 'get'
Wendigo-DVGA-Random-Greedy-Large-Step-5.p,,,,,,'tuple' object has no attribute 'get'
Wendigo-DVGA-Random-Greedy-Large-Step-50.p,,,,,,'tuple' object has no attribute 'get'
Wendigo-DVGA-Random-Greedy-Large-Step-51.p,,,,,,'tuple' object has no attribute 'get'
Wendigo-DVGA-Random-Greedy-Large-Step-52.p,,,,,,'tuple' object has no attribute 'get'
Wendigo-DVGA-Random-Greedy-Large-Step-53.p,,,,,,'tuple' object has no attribute 'get'
Wendigo-DVGA-Random-Greedy-Large-Step-54.p,,,,,,'tuple' object has no attribute 'get'
Wendigo-DVGA-Random-Greedy-Large-Step-55.p,,,,,,'tuple' object has no attribute 'get'
Wendigo-DVGA-Random-Greedy-Large-Step-56.p,,,,,,'tuple' object has no attribute 'get'
Wendigo-DVGA-Random-Greedy-Large-Step-57.p,,,,,,'tuple' object has no attribute 'get'
Wendigo-DVGA-Random-Greedy-Large-Step-58.p,,,,,,'tuple' object has no attribute 'get'
Wendigo-DVGA-Random-Greedy-Large-Step-59.p,,,,,,'tuple' object has no attribute 'get'
Wendigo-DVGA-Random-Greedy-Large-Step-6.p,,,,,,'tuple' object has no attribute 'get'
Wendigo-DVGA-Random-Greedy-Large-Step-60.p,,,,,,'tuple' object has no attribute 'get'
Wendigo-DVGA-Random-Greedy-Large-Step-61.p,,,,,,'tuple' object has no attribute 'get'
Wendigo-DVGA-Random-Greedy-Large-Step-62.p,,,,,,'tuple' object has no attribute 'get'
Wendigo-DVGA-Random-Greedy-Large-Step-63.p,,,,,,'tuple' object has no attribute 'get'
Wendigo-DVGA-Random-Greedy-Large-Step-64.p,,,,,,'tuple' object has no attribute 'get'
Wendigo-DVGA-Random-Greedy-Large-Step-65.p,,,,,,'tuple' object has no attribute 'get'
Wendigo-DVGA-Random-Greedy-Large-Step-66.p,,,,,,'tuple' object has no attribute 'get'
Wendigo-DVGA-Random-Greedy-Large-Step-67.p,,,,,,'tuple' object has no attribute 'get'
Wendigo-DVGA-Random-Greedy-Large-Step-68.p,,,,,,'tuple' object has no attribute 'get'
Wendigo-DVGA-Random-Greedy-Large-Step-69.p,,,,,,'tuple' object has no attribute 'get'
Wendigo-DVGA-Random-Greedy-Large-Step-7.p,,,,,,'tuple' object has no attribute 'get'
Wendigo-DVGA-Random-Greedy-Large-Step-70.p,,,,,,'tuple' object has no attribute 'get'
Wendigo-DVGA-Random-Greedy-Large-Step-71.p,,,,,,'tuple' object has no attribute 'get'
Wendigo-DVGA-Random-Greedy-Large-Step-72.p,,,,,,'tuple' object has no attribute 'get'
Wendigo-DVGA-Random-Greedy-Large-Step-73.p,,,,,,'tuple' object has no attribute 'get'
Wendigo-DVGA-Random-Greedy-Large-Step-74.p,,,,,,'tuple' object has no attribute 'get'
Wendigo-DVGA-Random-Greedy-Large-Step-75.p,,,,,,'tuple' object has no attribute 'get'
Wendigo-DVGA-Random-Greedy-Large-Step-76.p,,,,,,'tuple' object has no attribute 'get'
Wendigo-DVGA-Random-Greedy-Large-Step-77.p,,,,,,'tuple' object has no attribute 'get'
Wendigo-DVGA-Random-Greedy-Large-Step-78.p,,,,,,'tuple' object has no attribute 'get'
Wendigo-DVGA-Random-Greedy-Large-Step-79.p,,,,,,'tuple' object has no attribute 'get'
Wendigo-DVGA-Random-Greedy-Large-Step-8.p,,,,,,'tuple' object has no attribute 'get'
Wendigo-DVGA-Random-Greedy-Large-Step-80.p,,,,,,'tuple' object has no attribute 'get'
Wendigo-DVGA-Random-Greedy-Large-Step-81.p,,,,,,'tuple' object has no attribute 'get'
Wendigo-DVGA-Random-Greedy-Large-Step-82.p,,,,,,'tuple' object has no attribute 'get'
Wendigo-DVGA-Random-Greedy-Large-Step-83.p,,,,,,'tuple' object has no attribute 'get'
Wendigo-DVGA-Random-Greedy-Large-Step-84.p,,,,,,'tuple' object has no attribute 'get'
Wendigo-DVGA-Random-Greedy-Large-Step-85.p,,,,,,'tuple' object has no attribute 'get'
Wendigo-DVGA-Random-Greedy-Large-Step-86.p,,,,,,'tuple' object has no attribute 'get'
Wendigo-DVGA-Random-Greedy-Large-Step-87.p,,,,,,'tuple' object has no attribute 'get'
Wendigo-DVGA-Random-Greedy-Large-Step-88.p,,,,,,'tuple' object has no attribute 'get'
Wendigo-DVGA-Random-Greedy-Large-Step-89.p,,,,,,'tuple' object has no attribute 'get'
Wendigo-DVGA-Random-Greedy-Large-Step-9.p,,,,,,'tuple' object has no attribute 'get'
Wendigo-DVGA-Random-Greedy-Large-Step-90.p,,,,,,'tuple' object has no attribute 'get'
Wendigo-DVGA-Random-Greedy-Large-Step-91.p,,,,,,'tuple' object has no attribute 'get'
Wendigo-DVGA-Random-Greedy-Large-Step-92.p,,,,,,'tuple' object has no attribute 'get'
Wendigo-DVGA-Random-Greedy-Large-Step-93.p,,,,,,'tuple' object has no attribute 'get'
Wendigo-DVGA-Random-Greedy-Large-Step-94.p,,,,,,'tuple' object has no attribute 'get'
Wendigo-DVGA-Random-Greedy-Large-Step-95.p,,,,,,'tuple' object has no attribute 'get'
Wendigo-DVGA-Random-Greedy-Large-Step-96.p,,,,,,'tuple' object has no attribute 'get'
Wendigo-DVGA-Random-Greedy-Large-Step-97.p,,,,,,'tuple' object has no attribute 'get'
Wendigo-DVGA-Random-Greedy-Large-Step-98.p,,,,,,'tuple' object has no attribute 'get'
Wendigo-DVGA-Random-Greedy-Large-Step-99.p,,,,,,'tuple' object has no attribute 'get'
